Date,Link,Message
2025-05-13 00:47:56,https://www.linkedin.com/feed/update/urn%3Ali%3Aactivity%3A7327854009006891008,Congratulations on this amazing milestone Shruti!
2024-12-09 20:09:54,https://www.linkedin.com/feed/update/urn%3Ali%3AugcPost%3A7271978962212249600,"Loved working with you throughout this class as well, Husna!"
2024-03-31 00:09:46,https://www.linkedin.com/feed/update/urn%3Ali%3Aactivity%3A7177020513150476289,Congrats Sania! So proud of you!
2024-03-19 23:18:51,https://www.linkedin.com/feed/update/urn%3Ali%3Aactivity%3A7175476109814198272,Congrats Neya! Extremely well deserved!
2024-02-26 22:29:45,https://www.linkedin.com/feed/update/urn%3Ali%3Aactivity%3A7167983529333633024,Congratulations Husna!
