Organization,Followed On
Hack for Social Impact,Fri Aug 15 20:48:23 UTC 2025
Rewriting the Code,Sun Jul 13 23:34:03 UTC 2025
GE Vernova,Sun May 25 15:36:19 UTC 2025
Dwellci AI,Tue May 06 23:54:40 UTC 2025
"Zip, a puzzle by LinkedIn",Wed Apr 02 17:22:00 UTC 2025
Federal Reserve Bank of Atlanta,Sat Jun 15 00:32:52 UTC 2024
Google Cloud,Fri May 03 23:43:06 UTC 2024
Software Testing,Sun Mar 31 14:44:24 UTC 2024
Software Development,Sun Mar 31 14:43:58 UTC 2024
Communication,Sun Mar 31 14:43:19 UTC 2024
Analytic Problem Solving,Sun Mar 31 14:42:47 UTC 2024
Computer Science,Sun Mar 31 14:42:25 UTC 2024
Microsoft,Mon Oct 02 19:04:31 UTC 2023
Google,Mon Oct 02 19:04:24 UTC 2023
State Farm,Tue May 16 20:17:43 UTC 2023
Statefarm Insurance,Tue May 16 20:12:23 UTC 2023
University Union Student Programming Board at The University of Georgia,Wed Feb 15 04:48:07 UTC 2023
Westfield Specialty Insurance,Mon Nov 07 20:13:22 UTC 2022
The University of Georgia,Sun Aug 14 01:32:57 UTC 2022
DataSeers,Sun Sep 05 23:34:00 UTC 2021
ProjectCSGIRLS,Tue Jul 20 22:10:11 UTC 2021
Georgia Institute of Technology,Sun Oct 29 20:38:23 UTC 2023
Georgia Tech Society of Women Engineers,Tue May 18 16:03:51 UTC 2021
Cisco,Fri Apr 09 18:31:00 UTC 2021
Northview Techno Titans Robotics Foundation Inc.,Thu Apr 08 23:29:04 UTC 2021
Kumon Math and Reading Center of Alpharetta - Sargent,Thu Apr 08 22:43:49 UTC 2021